{"cameraMode":{"drawMode":0,"name":"Shaded","section":"Shading Mode"},"sceneLighting":false,"audioPlay":false,"sceneViewState":{"showFog":true,"showMaterialUpdate":false,"showSkybox":false,"showFlares":true,"showImageEffects":true,"showParticleSystems":true},"in2DMode":false,"pivot":{"x":0.005197469610720873,"y":-0.7280278205871582,"z":-1.0071583986282349},"rotation":{"x":0.29601824283599856,"y":-0.08668217808008194,"z":0.027133820578455926,"w":0.9508964419364929},"size":6.300058364868164,"orthographic":false}